"","frequencies","words","collaborators"
"1",32,"and","nationalcancerinstitute"
"2",32,"in","nationalcancerinstitute"
"3",32,"of","nationalcancerinstitute"
"4",32,"the","nationalcancerinstitute"
"5",31,"to","nationalcancerinstitute"
"6",30,"a","nationalcancerinstitute"
"7",30,"cancer","nationalcancerinstitute"
"8",29,"with","nationalcancerinstitute"
"9",27,"for","nationalcancerinstitute"
"10",21,"on","nationalcancerinstitute"
"11",20,"by","nationalcancerinstitute"
"12",20,"results","nationalcancerinstitute"
"13",20,"was","nationalcancerinstitute"
"14",20,"were","nationalcancerinstitute"
"15",19,"is","nationalcancerinstitute"
"16",18,"as","nationalcancerinstitute"
"17",16,"that","nationalcancerinstitute"
"18",16,"we","nationalcancerinstitute"
"19",15,"from","nationalcancerinstitute"
"20",15,"this","nationalcancerinstitute"
"21",14,"methods","nationalcancerinstitute"
"22",14,"or","nationalcancerinstitute"
"23",13,"conclusions","nationalcancerinstitute"
"24",13,"not","nationalcancerinstitute"
"25",12,"analysis","nationalcancerinstitute"
"26",12,"be","nationalcancerinstitute"
"27",12,"patients","nationalcancerinstitute"
"28",12,"these","nationalcancerinstitute"
"29",11,"=","nationalcancerinstitute"
"30",11,"are","nationalcancerinstitute"
"31",11,"risk","nationalcancerinstitute"
"32",10,"1","nationalcancerinstitute"
"33",10,"2","nationalcancerinstitute"
"34",10,"among","nationalcancerinstitute"
"35",10,"an","nationalcancerinstitute"
"36",10,"associated","nationalcancerinstitute"
"37",10,"clinical","nationalcancerinstitute"
"38",10,"studies","nationalcancerinstitute"
"39",10,"study","nationalcancerinstitute"
"40",10,"tumor","nationalcancerinstitute"
"41",9,"at","nationalcancerinstitute"
"42",9,"background","nationalcancerinstitute"
"43",9,"both","nationalcancerinstitute"
"44",9,"cell","nationalcancerinstitute"
"45",9,"factors","nationalcancerinstitute"
"46",9,"have","nationalcancerinstitute"
"47",9,"using","nationalcancerinstitute"
"48",8,"0","nationalcancerinstitute"
"49",8,"3","nationalcancerinstitute"
"50",8,"activity","nationalcancerinstitute"
"51",8,"effect","nationalcancerinstitute"
"52",8,"had","nationalcancerinstitute"
"53",8,"no","nationalcancerinstitute"
"54",8,"our","nationalcancerinstitute"
"55",8,"outcomes","nationalcancerinstitute"
"56",8,"patient","nationalcancerinstitute"
"57",8,"trial","nationalcancerinstitute"
"58",8,"which","nationalcancerinstitute"
"59",8,"years","nationalcancerinstitute"
"60",7,"(1","nationalcancerinstitute"
"61",7,"between","nationalcancerinstitute"
"62",7,"cells","nationalcancerinstitute"
"63",7,"ci","nationalcancerinstitute"
"64",7,"data","nationalcancerinstitute"
"65",7,"during","nationalcancerinstitute"
"66",7,"effects","nationalcancerinstitute"
"67",7,"identify","nationalcancerinstitute"
"68",7,"low","nationalcancerinstitute"
"69",7,"may","nationalcancerinstitute"
"70",7,"more","nationalcancerinstitute"
"71",7,"therapy","nationalcancerinstitute"
"72",7,"treatment","nationalcancerinstitute"
"73",7,"who","nationalcancerinstitute"
"74",6,"5","nationalcancerinstitute"
"75",6,"across","nationalcancerinstitute"
"76",6,"age","nationalcancerinstitute"
"77",6,"also","nationalcancerinstitute"
"78",6,"approach","nationalcancerinstitute"
"79",6,"based","nationalcancerinstitute"
"80",6,"common","nationalcancerinstitute"
"81",6,"did","nationalcancerinstitute"
"82",6,"found","nationalcancerinstitute"
"83",6,"high","nationalcancerinstitute"
"84",6,"higher","nationalcancerinstitute"
"85",6,"included","nationalcancerinstitute"
"86",6,"it","nationalcancerinstitute"
"87",6,"models","nationalcancerinstitute"
"88",6,"new","nationalcancerinstitute"
"89",6,"potential","nationalcancerinstitute"
"90",6,"reported","nationalcancerinstitute"
"91",6,"sample","nationalcancerinstitute"
"92",6,"significantly","nationalcancerinstitute"
"93",6,"their","nationalcancerinstitute"
"94",6,"used","nationalcancerinstitute"
"95",6,"well","nationalcancerinstitute"
"96",5,"(hr","nationalcancerinstitute"
"97",5,"(p","nationalcancerinstitute"
"98",5,"<","nationalcancerinstitute"
"99",5,"12","nationalcancerinstitute"
"100",5,"4","nationalcancerinstitute"
"101",25,"a","mayoclinic"
"102",25,"of","mayoclinic"
"103",25,"the","mayoclinic"
"104",24,"and","mayoclinic"
"105",24,"in","mayoclinic"
"106",24,"to","mayoclinic"
"107",22,"cancer","mayoclinic"
"108",22,"for","mayoclinic"
"109",20,"we","mayoclinic"
"110",18,"with","mayoclinic"
"111",16,"is","mayoclinic"
"112",15,"were","mayoclinic"
"113",14,"by","mayoclinic"
"114",14,"results","mayoclinic"
"115",14,"this","mayoclinic"
"116",13,"are","mayoclinic"
"117",13,"study","mayoclinic"
"118",12,"as","mayoclinic"
"119",12,"that","mayoclinic"
"120",12,"was","mayoclinic"
"121",11,"an","mayoclinic"
"122",11,"from","mayoclinic"
"123",11,"on","mayoclinic"
"124",10,"at","mayoclinic"
"125",10,"be","mayoclinic"
"126",10,"methods","mayoclinic"
"127",10,"not","mayoclinic"
"128",10,"our","mayoclinic"
"129",10,"than","mayoclinic"
"130",9,"breast","mayoclinic"
"131",9,"has","mayoclinic"
"132",9,"these","mayoclinic"
"133",8,"all","mayoclinic"
"134",8,"analysis","mayoclinic"
"135",8,"data","mayoclinic"
"136",8,"or","mayoclinic"
"137",8,"patients","mayoclinic"
"138",7,"3","mayoclinic"
"139",7,"after","mayoclinic"
"140",7,"been","mayoclinic"
"141",7,"care","mayoclinic"
"142",7,"had","mayoclinic"
"143",7,"have","mayoclinic"
"144",7,"health","mayoclinic"
"145",7,"time","mayoclinic"
"146",6,"1","mayoclinic"
"147",6,"2","mayoclinic"
"148",6,"about","mayoclinic"
"149",6,"both","mayoclinic"
"150",6,"clinical","mayoclinic"
"151",6,"conclusions","mayoclinic"
"152",6,"effects","mayoclinic"
"153",6,"higher","mayoclinic"
"154",6,"more","mayoclinic"
"155",6,"overall","mayoclinic"
"156",6,"setting","mayoclinic"
"157",6,"studies","mayoclinic"
"158",6,"such","mayoclinic"
"159",6,"used","mayoclinic"
"160",6,"which","mayoclinic"
"161",5,"0","mayoclinic"
"162",5,"across","mayoclinic"
"163",5,"activity","mayoclinic"
"164",5,"age","mayoclinic"
"165",5,"associated","mayoclinic"
"166",5,"between","mayoclinic"
"167",5,"but","mayoclinic"
"168",5,"can","mayoclinic"
"169",5,"conclusion","mayoclinic"
"170",5,"did","mayoclinic"
"171",5,"evaluated","mayoclinic"
"172",5,"found","mayoclinic"
"173",5,"high","mayoclinic"
"174",5,"important","mayoclinic"
"175",5,"may","mayoclinic"
"176",5,"model","mayoclinic"
"177",5,"most","mayoclinic"
"178",5,"outcomes","mayoclinic"
"179",5,"over","mayoclinic"
"180",5,"sample","mayoclinic"
"181",5,"show","mayoclinic"
"182",5,"treatment","mayoclinic"
"183",5,"trials","mayoclinic"
"184",5,"us","mayoclinic"
"185",5,"using","mayoclinic"
"186",4,"=","mayoclinic"
"187",4,"02)","mayoclinic"
"188",4,"5","mayoclinic"
"189",4,"although","mayoclinic"
"190",4,"analyses","mayoclinic"
"191",4,"assess","mayoclinic"
"192",4,"cancers","mayoclinic"
"193",4,"cell","mayoclinic"
"194",4,"cells","mayoclinic"
"195",4,"chemotherapy","mayoclinic"
"196",4,"design","mayoclinic"
"197",4,"early","mayoclinic"
"198",4,"expression","mayoclinic"
"199",4,"factors","mayoclinic"
"200",4,"findings","mayoclinic"
"201",21,"and","memorialsloanketteringcancercenter"
"202",21,"of","memorialsloanketteringcancercenter"
"203",21,"the","memorialsloanketteringcancercenter"
"204",20,"in","memorialsloanketteringcancercenter"
"205",20,"to","memorialsloanketteringcancercenter"
"206",20,"with","memorialsloanketteringcancercenter"
"207",19,"a","memorialsloanketteringcancercenter"
"208",19,"cancer","memorialsloanketteringcancercenter"
"209",18,"for","memorialsloanketteringcancercenter"
"210",16,"were","memorialsloanketteringcancercenter"
"211",15,"this","memorialsloanketteringcancercenter"
"212",15,"was","memorialsloanketteringcancercenter"
"213",13,"results","memorialsloanketteringcancercenter"
"214",12,"as","memorialsloanketteringcancercenter"
"215",12,"methods","memorialsloanketteringcancercenter"
"216",12,"we","memorialsloanketteringcancercenter"
"217",11,"by","memorialsloanketteringcancercenter"
"218",11,"from","memorialsloanketteringcancercenter"
"219",11,"that","memorialsloanketteringcancercenter"
"220",10,"1","memorialsloanketteringcancercenter"
"221",10,"is","memorialsloanketteringcancercenter"
"222",10,"not","memorialsloanketteringcancercenter"
"223",9,"be","memorialsloanketteringcancercenter"
"224",9,"between","memorialsloanketteringcancercenter"
"225",9,"patients","memorialsloanketteringcancercenter"
"226",9,"study","memorialsloanketteringcancercenter"
"227",8,"2","memorialsloanketteringcancercenter"
"228",8,"associated","memorialsloanketteringcancercenter"
"229",8,"at","memorialsloanketteringcancercenter"
"230",8,"clinical","memorialsloanketteringcancercenter"
"231",8,"conclusions","memorialsloanketteringcancercenter"
"232",8,"than","memorialsloanketteringcancercenter"
"233",8,"these","memorialsloanketteringcancercenter"
"234",8,"using","memorialsloanketteringcancercenter"
"235",7,"=","memorialsloanketteringcancercenter"
"236",7,"0","memorialsloanketteringcancercenter"
"237",7,"an","memorialsloanketteringcancercenter"
"238",7,"analysis","memorialsloanketteringcancercenter"
"239",7,"did","memorialsloanketteringcancercenter"
"240",7,"had","memorialsloanketteringcancercenter"
"241",7,"no","memorialsloanketteringcancercenter"
"242",7,"or","memorialsloanketteringcancercenter"
"243",7,"our","memorialsloanketteringcancercenter"
"244",7,"risk","memorialsloanketteringcancercenter"
"245",7,"two","memorialsloanketteringcancercenter"
"246",7,"used","memorialsloanketteringcancercenter"
"247",6,"are","memorialsloanketteringcancercenter"
"248",6,"background","memorialsloanketteringcancercenter"
"249",6,"both","memorialsloanketteringcancercenter"
"250",6,"but","memorialsloanketteringcancercenter"
"251",6,"data","memorialsloanketteringcancercenter"
"252",6,"higher","memorialsloanketteringcancercenter"
"253",6,"more","memorialsloanketteringcancercenter"
"254",6,"on","memorialsloanketteringcancercenter"
"255",6,"which","memorialsloanketteringcancercenter"
"256",6,"years","memorialsloanketteringcancercenter"
"257",5,"4","memorialsloanketteringcancercenter"
"258",5,"after","memorialsloanketteringcancercenter"
"259",5,"ci","memorialsloanketteringcancercenter"
"260",5,"classified","memorialsloanketteringcancercenter"
"261",5,"further","memorialsloanketteringcancercenter"
"262",5,"have","memorialsloanketteringcancercenter"
"263",5,"objective","memorialsloanketteringcancercenter"
"264",5,"should","memorialsloanketteringcancercenter"
"265",5,"showed","memorialsloanketteringcancercenter"
"266",5,"significantly","memorialsloanketteringcancercenter"
"267",5,"use","memorialsloanketteringcancercenter"
"268",5,"versus","memorialsloanketteringcancercenter"
"269",4,"95%","memorialsloanketteringcancercenter"
"270",4,"across","memorialsloanketteringcancercenter"
"271",4,"activity","memorialsloanketteringcancercenter"
"272",4,"age","memorialsloanketteringcancercenter"
"273",4,"all","memorialsloanketteringcancercenter"
"274",4,"also","memorialsloanketteringcancercenter"
"275",4,"among","memorialsloanketteringcancercenter"
"276",4,"analyses","memorialsloanketteringcancercenter"
"277",4,"been","memorialsloanketteringcancercenter"
"278",4,"breast","memorialsloanketteringcancercenter"
"279",4,"can","memorialsloanketteringcancercenter"
"280",4,"cancers","memorialsloanketteringcancercenter"
"281",4,"cell","memorialsloanketteringcancercenter"
"282",4,"considered","memorialsloanketteringcancercenter"
"283",4,"development","memorialsloanketteringcancercenter"
"284",4,"differences","memorialsloanketteringcancercenter"
"285",4,"findings","memorialsloanketteringcancercenter"
"286",4,"first","memorialsloanketteringcancercenter"
"287",4,"found","memorialsloanketteringcancercenter"
"288",4,"interpretation","memorialsloanketteringcancercenter"
"289",4,"models","memorialsloanketteringcancercenter"
"290",4,"months","memorialsloanketteringcancercenter"
"291",4,"new","memorialsloanketteringcancercenter"
"292",4,"other","memorialsloanketteringcancercenter"
"293",4,"outcomes","memorialsloanketteringcancercenter"
"294",4,"p","memorialsloanketteringcancercenter"
"295",4,"population","memorialsloanketteringcancercenter"
"296",4,"review","memorialsloanketteringcancercenter"
"297",4,"sample","memorialsloanketteringcancercenter"
"298",4,"significant","memorialsloanketteringcancercenter"
"299",4,"studies","memorialsloanketteringcancercenter"
"300",4,"survival","memorialsloanketteringcancercenter"
"301",41,"and","dukeuniversity"
"302",41,"of","dukeuniversity"
"303",41,"the","dukeuniversity"
"304",40,"a","dukeuniversity"
"305",39,"in","dukeuniversity"
"306",38,"to","dukeuniversity"
"307",37,"cancer","dukeuniversity"
"308",36,"with","dukeuniversity"
"309",33,"for","dukeuniversity"
"310",27,"we","dukeuniversity"
"311",26,"is","dukeuniversity"
"312",26,"results","dukeuniversity"
"313",25,"were","dukeuniversity"
"314",22,"as","dukeuniversity"
"315",22,"from","dukeuniversity"
"316",22,"methods","dukeuniversity"
"317",22,"this","dukeuniversity"
"318",21,"are","dukeuniversity"
"319",21,"patients","dukeuniversity"
"320",21,"that","dukeuniversity"
"321",21,"was","dukeuniversity"
"322",20,"by","dukeuniversity"
"323",19,"or","dukeuniversity"
"324",18,"an","dukeuniversity"
"325",18,"conclusions","dukeuniversity"
"326",18,"on","dukeuniversity"
"327",17,"clinical","dukeuniversity"
"328",16,"1","dukeuniversity"
"329",16,"not","dukeuniversity"
"330",15,"at","dukeuniversity"
"331",15,"be","dukeuniversity"
"332",14,"no","dukeuniversity"
"333",14,"purpose","dukeuniversity"
"334",14,"study","dukeuniversity"
"335",13,"0","dukeuniversity"
"336",13,"2","dukeuniversity"
"337",13,"associated","dukeuniversity"
"338",13,"data","dukeuniversity"
"339",13,"identify","dukeuniversity"
"340",13,"these","dukeuniversity"
"341",12,"analysis","dukeuniversity"
"342",12,"survival","dukeuniversity"
"343",12,"treatment","dukeuniversity"
"344",12,"using","dukeuniversity"
"345",11,"studies","dukeuniversity"
"346",10,"all","dukeuniversity"
"347",10,"between","dukeuniversity"
"348",10,"cell","dukeuniversity"
"349",10,"diagnosis","dukeuniversity"
"350",10,"disease","dukeuniversity"
"351",10,"evidence","dukeuniversity"
"352",10,"including","dukeuniversity"
"353",10,"who","dukeuniversity"
"354",10,"years","dukeuniversity"
"355",9,"=","dukeuniversity"
"356",9,"95%","dukeuniversity"
"357",9,"after","dukeuniversity"
"358",9,"background","dukeuniversity"
"359",9,"breast","dukeuniversity"
"360",9,"can","dukeuniversity"
"361",9,"care","dukeuniversity"
"362",9,"diagnosed","dukeuniversity"
"363",9,"had","dukeuniversity"
"364",9,"our","dukeuniversity"
"365",9,"review","dukeuniversity"
"366",9,"risk","dukeuniversity"
"367",9,"than","dukeuniversity"
"368",9,"there","dukeuniversity"
"369",9,"used","dukeuniversity"
"370",9,"which","dukeuniversity"
"371",8,"among","dukeuniversity"
"372",8,"factors","dukeuniversity"
"373",8,"higher","dukeuniversity"
"374",8,"most","dukeuniversity"
"375",8,"other","dukeuniversity"
"376",8,"primary","dukeuniversity"
"377",8,"response","dukeuniversity"
"378",8,"significant","dukeuniversity"
"379",8,"significantly","dukeuniversity"
"380",8,"therapy","dukeuniversity"
"381",8,"while","dukeuniversity"
"382",7,"5","dukeuniversity"
"383",7,"both","dukeuniversity"
"384",7,"but","dukeuniversity"
"385",7,"current","dukeuniversity"
"386",7,"health","dukeuniversity"
"387",7,"however","dukeuniversity"
"388",7,"included","dukeuniversity"
"389",7,"may","dukeuniversity"
"390",7,"models","dukeuniversity"
"391",7,"needed","dukeuniversity"
"392",7,"objective","dukeuniversity"
"393",7,"overall","dukeuniversity"
"394",7,"patient","dukeuniversity"
"395",7,"should","dukeuniversity"
"396",7,"stage","dukeuniversity"
"397",7,"such","dukeuniversity"
"398",7,"time","dukeuniversity"
"399",7,"tumor","dukeuniversity"
"400",7,"women","dukeuniversity"
"401",38,"and","universityofcalifornia"
"402",38,"of","universityofcalifornia"
"403",38,"the","universityofcalifornia"
"404",37,"to","universityofcalifornia"
"405",36,"in","universityofcalifornia"
"406",36,"with","universityofcalifornia"
"407",35,"a","universityofcalifornia"
"408",35,"for","universityofcalifornia"
"409",31,"cancer","universityofcalifornia"
"410",23,"is","universityofcalifornia"
"411",23,"we","universityofcalifornia"
"412",22,"results","universityofcalifornia"
"413",22,"that","universityofcalifornia"
"414",21,"were","universityofcalifornia"
"415",20,"was","universityofcalifornia"
"416",19,"from","universityofcalifornia"
"417",18,"are","universityofcalifornia"
"418",18,"methods","universityofcalifornia"
"419",18,"not","universityofcalifornia"
"420",17,"as","universityofcalifornia"
"421",17,"by","universityofcalifornia"
"422",16,"be","universityofcalifornia"
"423",16,"patients","universityofcalifornia"
"424",16,"these","universityofcalifornia"
"425",15,"1","universityofcalifornia"
"426",15,"have","universityofcalifornia"
"427",14,"0","universityofcalifornia"
"428",14,"or","universityofcalifornia"
"429",14,"than","universityofcalifornia"
"430",14,"this","universityofcalifornia"
"431",13,"an","universityofcalifornia"
"432",13,"but","universityofcalifornia"
"433",13,"compared","universityofcalifornia"
"434",13,"risk","universityofcalifornia"
"435",12,"3","universityofcalifornia"
"436",12,"associated","universityofcalifornia"
"437",12,"at","universityofcalifornia"
"438",12,"cell","universityofcalifornia"
"439",12,"higher","universityofcalifornia"
"440",12,"on","universityofcalifornia"
"441",11,"=","universityofcalifornia"
"442",11,"conclusions","universityofcalifornia"
"443",11,"had","universityofcalifornia"
"444",11,"study","universityofcalifornia"
"445",10,"all","universityofcalifornia"
"446",10,"background","universityofcalifornia"
"447",10,"may","universityofcalifornia"
"448",10,"more","universityofcalifornia"
"449",10,"use","universityofcalifornia"
"450",9,"<","universityofcalifornia"
"451",9,"95%","universityofcalifornia"
"452",9,"cancers","universityofcalifornia"
"453",9,"clinical","universityofcalifornia"
"454",9,"did","universityofcalifornia"
"455",9,"high","universityofcalifornia"
"456",9,"identified","universityofcalifornia"
"457",9,"treatment","universityofcalifornia"
"458",9,"which","universityofcalifornia"
"459",8,"after","universityofcalifornia"
"460",8,"among","universityofcalifornia"
"461",8,"analysis","universityofcalifornia"
"462",8,"ci","universityofcalifornia"
"463",8,"data","universityofcalifornia"
"464",8,"health","universityofcalifornia"
"465",8,"most","universityofcalifornia"
"466",8,"our","universityofcalifornia"
"467",8,"outcomes","universityofcalifornia"
"468",8,"purpose","universityofcalifornia"
"469",8,"response","universityofcalifornia"
"470",8,"significantly","universityofcalifornia"
"471",8,"survival","universityofcalifornia"
"472",8,"their","universityofcalifornia"
"473",8,"using","universityofcalifornia"
"474",7,"cells","universityofcalifornia"
"475",7,"conclusion","universityofcalifornia"
"476",7,"life","universityofcalifornia"
"477",7,"no","universityofcalifornia"
"478",7,"overall","universityofcalifornia"
"479",7,"p","universityofcalifornia"
"480",7,"rate","universityofcalifornia"
"481",7,"ratio","universityofcalifornia"
"482",7,"reported","universityofcalifornia"
"483",7,"they","universityofcalifornia"
"484",7,"tumor","universityofcalifornia"
"485",7,"two","universityofcalifornia"
"486",7,"used","universityofcalifornia"
"487",7,"without","universityofcalifornia"
"488",7,"years","universityofcalifornia"
"489",6,"2","universityofcalifornia"
"490",6,"4","universityofcalifornia"
"491",6,"7","universityofcalifornia"
"492",6,"also","universityofcalifornia"
"493",6,"both","universityofcalifornia"
"494",6,"can","universityofcalifornia"
"495",6,"common","universityofcalifornia"
"496",6,"control","universityofcalifornia"
"497",6,"developed","universityofcalifornia"
"498",6,"however","universityofcalifornia"
"499",6,"interval","universityofcalifornia"
"500",6,"known","universityofcalifornia"
"501",22,"and","universityofwashington"
"502",22,"in","universityofwashington"
"503",22,"of","universityofwashington"
"504",22,"to","universityofwashington"
"505",21,"the","universityofwashington"
"506",20,"for","universityofwashington"
"507",19,"with","universityofwashington"
"508",18,"a","universityofwashington"
"509",18,"cancer","universityofwashington"
"510",16,"were","universityofwashington"
"511",15,"results","universityofwashington"
"512",15,"was","universityofwashington"
"513",15,"we","universityofwashington"
"514",14,"as","universityofwashington"
"515",14,"by","universityofwashington"
"516",14,"is","universityofwashington"
"517",13,"or","universityofwashington"
"518",13,"that","universityofwashington"
"519",11,"1","universityofwashington"
"520",11,"study","universityofwashington"
"521",11,"this","universityofwashington"
"522",10,"=","universityofwashington"
"523",10,"0","universityofwashington"
"524",10,"at","universityofwashington"
"525",9,"after","universityofwashington"
"526",9,"an","universityofwashington"
"527",9,"are","universityofwashington"
"528",9,"higher","universityofwashington"
"529",9,"methods","universityofwashington"
"530",9,"not","universityofwashington"
"531",9,"on","universityofwashington"
"532",9,"risk","universityofwashington"
"533",9,"using","universityofwashington"
"534",8,"be","universityofwashington"
"535",8,"conclusions","universityofwashington"
"536",8,"from","universityofwashington"
"537",8,"health","universityofwashington"
"538",8,"these","universityofwashington"
"539",7,"increased","universityofwashington"
"540",7,"patients","universityofwashington"
"541",7,"purpose","universityofwashington"
"542",6,"among","universityofwashington"
"543",6,"associated","universityofwashington"
"544",6,"background","universityofwashington"
"545",6,"ci","universityofwashington"
"546",6,"conclusion","universityofwashington"
"547",6,"data","universityofwashington"
"548",6,"had","universityofwashington"
"549",6,"high","universityofwashington"
"550",6,"human","universityofwashington"
"551",6,"it","universityofwashington"
"552",6,"overall","universityofwashington"
"553",6,"p","universityofwashington"
"554",6,"ratios","universityofwashington"
"555",6,"respectively","universityofwashington"
"556",6,"than","universityofwashington"
"557",6,"use","universityofwashington"
"558",6,"who","universityofwashington"
"559",6,"years","universityofwashington"
"560",5,"(n","universityofwashington"
"561",5,"001)","universityofwashington"
"562",5,"95%","universityofwashington"
"563",5,"between","universityofwashington"
"564",5,"breast","universityofwashington"
"565",5,"cancers","universityofwashington"
"566",5,"care","universityofwashington"
"567",5,"compared","universityofwashington"
"568",5,"has","universityofwashington"
"569",5,"have","universityofwashington"
"570",5,"into","universityofwashington"
"571",5,"least","universityofwashington"
"572",5,"low","universityofwashington"
"573",5,"may","universityofwashington"
"574",5,"more","universityofwashington"
"575",5,"most","universityofwashington"
"576",5,"no","universityofwashington"
"577",5,"over","universityofwashington"
"578",5,"participants","universityofwashington"
"579",5,"sought","universityofwashington"
"580",5,"survey","universityofwashington"
"581",5,"time","universityofwashington"
"582",5,"tumor","universityofwashington"
"583",5,"two","universityofwashington"
"584",5,"when","universityofwashington"
"585",5,"within","universityofwashington"
"586",5,"women","universityofwashington"
"587",4,"(p","universityofwashington"
"588",4,"<","universityofwashington"
"589",4,"2","universityofwashington"
"590",4,"4","universityofwashington"
"591",4,"about","universityofwashington"
"592",4,"age","universityofwashington"
"593",4,"been","universityofwashington"
"594",4,"benefits","universityofwashington"
"595",4,"but","universityofwashington"
"596",4,"cell","universityofwashington"
"597",4,"cells","universityofwashington"
"598",4,"clinical","universityofwashington"
"599",4,"cohort","universityofwashington"
"600",4,"common","universityofwashington"
"601",15,"a","dukeuniversitymedicalcenter"
"602",15,"and","dukeuniversitymedicalcenter"
"603",15,"of","dukeuniversitymedicalcenter"
"604",15,"the","dukeuniversitymedicalcenter"
"605",14,"cancer","dukeuniversitymedicalcenter"
"606",14,"in","dukeuniversitymedicalcenter"
"607",14,"to","dukeuniversitymedicalcenter"
"608",13,"with","dukeuniversitymedicalcenter"
"609",11,"for","dukeuniversitymedicalcenter"
"610",10,"an","dukeuniversitymedicalcenter"
"611",10,"was","dukeuniversitymedicalcenter"
"612",10,"were","dukeuniversitymedicalcenter"
"613",9,"as","dukeuniversitymedicalcenter"
"614",9,"methods","dukeuniversitymedicalcenter"
"615",9,"results","dukeuniversitymedicalcenter"
"616",8,"by","dukeuniversitymedicalcenter"
"617",8,"that","dukeuniversitymedicalcenter"
"618",8,"we","dukeuniversitymedicalcenter"
"619",7,"data","dukeuniversitymedicalcenter"
"620",7,"from","dukeuniversitymedicalcenter"
"621",7,"is","dukeuniversitymedicalcenter"
"622",7,"not","dukeuniversitymedicalcenter"
"623",7,"on","dukeuniversitymedicalcenter"
"624",7,"or","dukeuniversitymedicalcenter"
"625",7,"patients","dukeuniversitymedicalcenter"
"626",7,"this","dukeuniversitymedicalcenter"
"627",6,"1","dukeuniversitymedicalcenter"
"628",6,"at","dukeuniversitymedicalcenter"
"629",6,"clinical","dukeuniversitymedicalcenter"
"630",6,"conclusions","dukeuniversitymedicalcenter"
"631",6,"diagnosis","dukeuniversitymedicalcenter"
"632",6,"health","dukeuniversitymedicalcenter"
"633",6,"no","dukeuniversitymedicalcenter"
"634",6,"our","dukeuniversitymedicalcenter"
"635",6,"study","dukeuniversitymedicalcenter"
"636",6,"these","dukeuniversitymedicalcenter"
"637",5,"after","dukeuniversitymedicalcenter"
"638",5,"all","dukeuniversitymedicalcenter"
"639",5,"are","dukeuniversitymedicalcenter"
"640",5,"disease","dukeuniversitymedicalcenter"
"641",5,"including","dukeuniversitymedicalcenter"
"642",5,"objective","dukeuniversitymedicalcenter"
"643",5,"purpose","dukeuniversitymedicalcenter"
"644",5,"treatment","dukeuniversitymedicalcenter"
"645",5,"using","dukeuniversitymedicalcenter"
"646",4,"0","dukeuniversitymedicalcenter"
"647",4,"2","dukeuniversitymedicalcenter"
"648",4,"analysis","dukeuniversitymedicalcenter"
"649",4,"associated","dukeuniversitymedicalcenter"
"650",4,"background","dukeuniversitymedicalcenter"
"651",4,"be","dukeuniversitymedicalcenter"
"652",4,"between","dukeuniversitymedicalcenter"
"653",4,"breast","dukeuniversitymedicalcenter"
"654",4,"but","dukeuniversitymedicalcenter"
"655",4,"care","dukeuniversitymedicalcenter"
"656",4,"conclusion","dukeuniversitymedicalcenter"
"657",4,"diagnosed","dukeuniversitymedicalcenter"
"658",4,"had","dukeuniversitymedicalcenter"
"659",4,"higher","dukeuniversitymedicalcenter"
"660",4,"however","dukeuniversitymedicalcenter"
"661",4,"identify","dukeuniversitymedicalcenter"
"662",4,"most","dukeuniversitymedicalcenter"
"663",4,"other","dukeuniversitymedicalcenter"
"664",4,"outcomes","dukeuniversitymedicalcenter"
"665",4,"patient","dukeuniversitymedicalcenter"
"666",4,"primary","dukeuniversitymedicalcenter"
"667",4,"research","dukeuniversitymedicalcenter"
"668",4,"significant","dukeuniversitymedicalcenter"
"669",4,"significantly","dukeuniversitymedicalcenter"
"670",4,"than","dukeuniversitymedicalcenter"
"671",4,"there","dukeuniversitymedicalcenter"
"672",4,"tumors","dukeuniversitymedicalcenter"
"673",4,"two","dukeuniversitymedicalcenter"
"674",3,"=","dukeuniversitymedicalcenter"
"675",3,">","dukeuniversitymedicalcenter"
"676",3,"05)","dukeuniversitymedicalcenter"
"677",3,"10","dukeuniversitymedicalcenter"
"678",3,"2018","dukeuniversitymedicalcenter"
"679",3,"agents","dukeuniversitymedicalcenter"
"680",3,"also","dukeuniversitymedicalcenter"
"681",3,"based","dukeuniversitymedicalcenter"
"682",3,"both","dukeuniversitymedicalcenter"
"683",3,"can","dukeuniversitymedicalcenter"
"684",3,"cell","dukeuniversitymedicalcenter"
"685",3,"compared","dukeuniversitymedicalcenter"
"686",3,"design","dukeuniversitymedicalcenter"
"687",3,"determine","dukeuniversitymedicalcenter"
"688",3,"did","dukeuniversitymedicalcenter"
"689",3,"difference","dukeuniversitymedicalcenter"
"690",3,"findings","dukeuniversitymedicalcenter"
"691",3,"g","dukeuniversitymedicalcenter"
"692",3,"groups","dukeuniversitymedicalcenter"
"693",3,"has","dukeuniversitymedicalcenter"
"694",3,"have","dukeuniversitymedicalcenter"
"695",3,"imaging","dukeuniversitymedicalcenter"
"696",3,"included","dukeuniversitymedicalcenter"
"697",3,"key","dukeuniversitymedicalcenter"
"698",3,"level","dukeuniversitymedicalcenter"
"699",3,"mean","dukeuniversitymedicalcenter"
"700",3,"measure","dukeuniversitymedicalcenter"
"701",16,"a","theuniversityoftexasmdandersoncancercenter"
"702",16,"and","theuniversityoftexasmdandersoncancercenter"
"703",16,"in","theuniversityoftexasmdandersoncancercenter"
"704",16,"of","theuniversityoftexasmdandersoncancercenter"
"705",16,"the","theuniversityoftexasmdandersoncancercenter"
"706",16,"to","theuniversityoftexasmdandersoncancercenter"
"707",16,"with","theuniversityoftexasmdandersoncancercenter"
"708",15,"for","theuniversityoftexasmdandersoncancercenter"
"709",13,"cancer","theuniversityoftexasmdandersoncancercenter"
"710",12,"by","theuniversityoftexasmdandersoncancercenter"
"711",12,"was","theuniversityoftexasmdandersoncancercenter"
"712",12,"were","theuniversityoftexasmdandersoncancercenter"
"713",11,"is","theuniversityoftexasmdandersoncancercenter"
"714",10,"an","theuniversityoftexasmdandersoncancercenter"
"715",10,"this","theuniversityoftexasmdandersoncancercenter"
"716",9,"as","theuniversityoftexasmdandersoncancercenter"
"717",9,"be","theuniversityoftexasmdandersoncancercenter"
"718",9,"from","theuniversityoftexasmdandersoncancercenter"
"719",9,"not","theuniversityoftexasmdandersoncancercenter"
"720",9,"results","theuniversityoftexasmdandersoncancercenter"
"721",9,"we","theuniversityoftexasmdandersoncancercenter"
"722",8,"1","theuniversityoftexasmdandersoncancercenter"
"723",8,"are","theuniversityoftexasmdandersoncancercenter"
"724",8,"data","theuniversityoftexasmdandersoncancercenter"
"725",8,"methods","theuniversityoftexasmdandersoncancercenter"
"726",8,"on","theuniversityoftexasmdandersoncancercenter"
"727",7,"at","theuniversityoftexasmdandersoncancercenter"
"728",7,"can","theuniversityoftexasmdandersoncancercenter"
"729",7,"did","theuniversityoftexasmdandersoncancercenter"
"730",7,"patients","theuniversityoftexasmdandersoncancercenter"
"731",7,"that","theuniversityoftexasmdandersoncancercenter"
"732",6,"2","theuniversityoftexasmdandersoncancercenter"
"733",6,"associated","theuniversityoftexasmdandersoncancercenter"
"734",6,"conclusions","theuniversityoftexasmdandersoncancercenter"
"735",6,"outcomes","theuniversityoftexasmdandersoncancercenter"
"736",6,"these","theuniversityoftexasmdandersoncancercenter"
"737",5,"4","theuniversityoftexasmdandersoncancercenter"
"738",5,"age","theuniversityoftexasmdandersoncancercenter"
"739",5,"background","theuniversityoftexasmdandersoncancercenter"
"740",5,"evidence","theuniversityoftexasmdandersoncancercenter"
"741",5,"higher","theuniversityoftexasmdandersoncancercenter"
"742",5,"it","theuniversityoftexasmdandersoncancercenter"
"743",5,"overall","theuniversityoftexasmdandersoncancercenter"
"744",5,"than","theuniversityoftexasmdandersoncancercenter"
"745",5,"years","theuniversityoftexasmdandersoncancercenter"
"746",4,"=","theuniversityoftexasmdandersoncancercenter"
"747",4,"12","theuniversityoftexasmdandersoncancercenter"
"748",4,"3","theuniversityoftexasmdandersoncancercenter"
"749",4,"also","theuniversityoftexasmdandersoncancercenter"
"750",4,"among","theuniversityoftexasmdandersoncancercenter"
"751",4,"analysis","theuniversityoftexasmdandersoncancercenter"
"752",4,"assess","theuniversityoftexasmdandersoncancercenter"
"753",4,"both","theuniversityoftexasmdandersoncancercenter"
"754",4,"confidence","theuniversityoftexasmdandersoncancercenter"
"755",4,"dna","theuniversityoftexasmdandersoncancercenter"
"756",4,"found","theuniversityoftexasmdandersoncancercenter"
"757",4,"guidelines","theuniversityoftexasmdandersoncancercenter"
"758",4,"have","theuniversityoftexasmdandersoncancercenter"
"759",4,"high","theuniversityoftexasmdandersoncancercenter"
"760",4,"human","theuniversityoftexasmdandersoncancercenter"
"761",4,"identify","theuniversityoftexasmdandersoncancercenter"
"762",4,"likely","theuniversityoftexasmdandersoncancercenter"
"763",4,"no","theuniversityoftexasmdandersoncancercenter"
"764",4,"novel","theuniversityoftexasmdandersoncancercenter"
"765",4,"or","theuniversityoftexasmdandersoncancercenter"
"766",4,"our","theuniversityoftexasmdandersoncancercenter"
"767",4,"received","theuniversityoftexasmdandersoncancercenter"
"768",4,"result","theuniversityoftexasmdandersoncancercenter"
"769",4,"risk","theuniversityoftexasmdandersoncancercenter"
"770",4,"significantly","theuniversityoftexasmdandersoncancercenter"
"771",4,"study","theuniversityoftexasmdandersoncancercenter"
"772",4,"trial","theuniversityoftexasmdandersoncancercenter"
"773",4,"tumor","theuniversityoftexasmdandersoncancercenter"
"774",4,"used","theuniversityoftexasmdandersoncancercenter"
"775",4,"vs","theuniversityoftexasmdandersoncancercenter"
"776",4,"where","theuniversityoftexasmdandersoncancercenter"
"777",4,"who","theuniversityoftexasmdandersoncancercenter"
"778",3,"0","theuniversityoftexasmdandersoncancercenter"
"779",3,"8","theuniversityoftexasmdandersoncancercenter"
"780",3,"95%","theuniversityoftexasmdandersoncancercenter"
"781",3,"activity","theuniversityoftexasmdandersoncancercenter"
"782",3,"all","theuniversityoftexasmdandersoncancercenter"
"783",3,"analyses","theuniversityoftexasmdandersoncancercenter"
"784",3,"analyzed","theuniversityoftexasmdandersoncancercenter"
"785",3,"assessed","theuniversityoftexasmdandersoncancercenter"
"786",3,"based","theuniversityoftexasmdandersoncancercenter"
"787",3,"but","theuniversityoftexasmdandersoncancercenter"
"788",3,"care","theuniversityoftexasmdandersoncancercenter"
"789",3,"cell","theuniversityoftexasmdandersoncancercenter"
"790",3,"cells","theuniversityoftexasmdandersoncancercenter"
"791",3,"ci","theuniversityoftexasmdandersoncancercenter"
"792",3,"clinical","theuniversityoftexasmdandersoncancercenter"
"793",3,"compared","theuniversityoftexasmdandersoncancercenter"
"794",3,"conclusion","theuniversityoftexasmdandersoncancercenter"
"795",3,"controlled","theuniversityoftexasmdandersoncancercenter"
"796",3,"determine","theuniversityoftexasmdandersoncancercenter"
"797",3,"diagnosed","theuniversityoftexasmdandersoncancercenter"
"798",3,"diagnosis","theuniversityoftexasmdandersoncancercenter"
"799",3,"ebv","theuniversityoftexasmdandersoncancercenter"
"800",3,"effects","theuniversityoftexasmdandersoncancercenter"
"801",14,"and","baylorcollegeofmedicine"
"802",14,"for","baylorcollegeofmedicine"
"803",14,"in","baylorcollegeofmedicine"
"804",14,"of","baylorcollegeofmedicine"
"805",14,"the","baylorcollegeofmedicine"
"806",14,"with","baylorcollegeofmedicine"
"807",13,"cancer","baylorcollegeofmedicine"
"808",13,"to","baylorcollegeofmedicine"
"809",12,"a","baylorcollegeofmedicine"
"810",10,"by","baylorcollegeofmedicine"
"811",10,"these","baylorcollegeofmedicine"
"812",10,"we","baylorcollegeofmedicine"
"813",9,"is","baylorcollegeofmedicine"
"814",9,"was","baylorcollegeofmedicine"
"815",8,"associated","baylorcollegeofmedicine"
"816",8,"not","baylorcollegeofmedicine"
"817",8,"results","baylorcollegeofmedicine"
"818",8,"that","baylorcollegeofmedicine"
"819",8,"were","baylorcollegeofmedicine"
"820",7,"methods","baylorcollegeofmedicine"
"821",6,"=","baylorcollegeofmedicine"
"822",6,"1","baylorcollegeofmedicine"
"823",6,"95%","baylorcollegeofmedicine"
"824",6,"at","baylorcollegeofmedicine"
"825",6,"ci","baylorcollegeofmedicine"
"826",6,"conclusions","baylorcollegeofmedicine"
"827",6,"from","baylorcollegeofmedicine"
"828",6,"or","baylorcollegeofmedicine"
"829",6,"this","baylorcollegeofmedicine"
"830",5,"an","baylorcollegeofmedicine"
"831",5,"as","baylorcollegeofmedicine"
"832",5,"be","baylorcollegeofmedicine"
"833",5,"but","baylorcollegeofmedicine"
"834",5,"cancers","baylorcollegeofmedicine"
"835",5,"data","baylorcollegeofmedicine"
"836",5,"had","baylorcollegeofmedicine"
"837",5,"risk","baylorcollegeofmedicine"
"838",5,"using","baylorcollegeofmedicine"
"839",5,"years","baylorcollegeofmedicine"
"840",4,"2","baylorcollegeofmedicine"
"841",4,"4","baylorcollegeofmedicine"
"842",4,"among","baylorcollegeofmedicine"
"843",4,"are","baylorcollegeofmedicine"
"844",4,"background","baylorcollegeofmedicine"
"845",4,"between","baylorcollegeofmedicine"
"846",4,"cells","baylorcollegeofmedicine"
"847",4,"clinical","baylorcollegeofmedicine"
"848",4,"elevated","baylorcollegeofmedicine"
"849",4,"expression","baylorcollegeofmedicine"
"850",4,"have","baylorcollegeofmedicine"
"851",4,"higher","baylorcollegeofmedicine"
"852",4,"increased","baylorcollegeofmedicine"
"853",4,"no","baylorcollegeofmedicine"
"854",4,"on","baylorcollegeofmedicine"
"855",4,"our","baylorcollegeofmedicine"
"856",4,"prostate","baylorcollegeofmedicine"
"857",4,"study","baylorcollegeofmedicine"
"858",4,"than","baylorcollegeofmedicine"
"859",4,"total","baylorcollegeofmedicine"
"860",4,"used","baylorcollegeofmedicine"
"861",4,"which","baylorcollegeofmedicine"
"862",3,"(ci)","baylorcollegeofmedicine"
"863",3,"0","baylorcollegeofmedicine"
"864",3,"analysis","baylorcollegeofmedicine"
"865",3,"association","baylorcollegeofmedicine"
"866",3,"baseline","baylorcollegeofmedicine"
"867",3,"both","baylorcollegeofmedicine"
"868",3,"breast","baylorcollegeofmedicine"
"869",3,"cell","baylorcollegeofmedicine"
"870",3,"classified","baylorcollegeofmedicine"
"871",3,"contrast","baylorcollegeofmedicine"
"872",3,"during","baylorcollegeofmedicine"
"873",3,"gene","baylorcollegeofmedicine"
"874",3,"independent","baylorcollegeofmedicine"
"875",3,"lower","baylorcollegeofmedicine"
"876",3,"may","baylorcollegeofmedicine"
"877",3,"models","baylorcollegeofmedicine"
"878",3,"normal","baylorcollegeofmedicine"
"879",3,"over","baylorcollegeofmedicine"
"880",3,"overall","baylorcollegeofmedicine"
"881",3,"patient","baylorcollegeofmedicine"
"882",3,"prospective","baylorcollegeofmedicine"
"883",3,"rates","baylorcollegeofmedicine"
"884",3,"regression","baylorcollegeofmedicine"
"885",3,"resistance","baylorcollegeofmedicine"
"886",3,"significantly","baylorcollegeofmedicine"
"887",3,"studies","baylorcollegeofmedicine"
"888",3,"there","baylorcollegeofmedicine"
"889",3,"thus","baylorcollegeofmedicine"
"890",3,"treatment","baylorcollegeofmedicine"
"891",3,"trial","baylorcollegeofmedicine"
"892",3,"tumor","baylorcollegeofmedicine"
"893",3,"tumors","baylorcollegeofmedicine"
"894",3,"versus","baylorcollegeofmedicine"
"895",3,"vs","baylorcollegeofmedicine"
"896",3,"where","baylorcollegeofmedicine"
"897",3,"within","baylorcollegeofmedicine"
"898",2,"(hr","baylorcollegeofmedicine"
"899",2,"(hr)","baylorcollegeofmedicine"
"900",2,"(n","baylorcollegeofmedicine"
"901",18,"and","universityofchicago"
"902",18,"of","universityofchicago"
"903",18,"the","universityofchicago"
"904",17,"cancer","universityofchicago"
"905",17,"in","universityofchicago"
"906",16,"a","universityofchicago"
"907",16,"to","universityofchicago"
"908",15,"for","universityofchicago"
"909",13,"that","universityofchicago"
"910",13,"with","universityofchicago"
"911",12,"from","universityofchicago"
"912",12,"we","universityofchicago"
"913",11,"this","universityofchicago"
"914",11,"were","universityofchicago"
"915",10,"at","universityofchicago"
"916",10,"was","universityofchicago"
"917",9,"be","universityofchicago"
"918",9,"by","universityofchicago"
"919",9,"methods","universityofchicago"
"920",9,"study","universityofchicago"
"921",8,"an","universityofchicago"
"922",8,"have","universityofchicago"
"923",8,"is","universityofchicago"
"924",8,"not","universityofchicago"
"925",8,"results","universityofchicago"
"926",7,"as","universityofchicago"
"927",7,"associated","universityofchicago"
"928",7,"or","universityofchicago"
"929",7,"these","universityofchicago"
"930",7,"using","universityofchicago"
"931",6,"also","universityofchicago"
"932",6,"analysis","universityofchicago"
"933",6,"are","universityofchicago"
"934",6,"both","universityofchicago"
"935",6,"conclusions","universityofchicago"
"936",6,"on","universityofchicago"
"937",6,"patients","universityofchicago"
"938",6,"than","universityofchicago"
"939",5,"0","universityofchicago"
"940",5,"1","universityofchicago"
"941",5,"all","universityofchicago"
"942",5,"between","universityofchicago"
"943",5,"but","universityofchicago"
"944",5,"can","universityofchicago"
"945",5,"clinical","universityofchicago"
"946",5,"data","universityofchicago"
"947",5,"effects","universityofchicago"
"948",5,"more","universityofchicago"
"949",5,"most","universityofchicago"
"950",5,"our","universityofchicago"
"951",5,"significantly","universityofchicago"
"952",5,"use","universityofchicago"
"953",5,"used","universityofchicago"
"954",5,"where","universityofchicago"
"955",5,"which","universityofchicago"
"956",4,"2","universityofchicago"
"957",4,"3","universityofchicago"
"958",4,"been","universityofchicago"
"959",4,"cancers","universityofchicago"
"960",4,"cells","universityofchicago"
"961",4,"drug","universityofchicago"
"962",4,"had","universityofchicago"
"963",4,"has","universityofchicago"
"964",4,"higher","universityofchicago"
"965",4,"identified","universityofchicago"
"966",4,"identify","universityofchicago"
"967",4,"individuals","universityofchicago"
"968",4,"information","universityofchicago"
"969",4,"it","universityofchicago"
"970",4,"may","universityofchicago"
"971",4,"risk","universityofchicago"
"972",4,"sample","universityofchicago"
"973",4,"such","universityofchicago"
"974",4,"their","universityofchicago"
"975",4,"those","universityofchicago"
"976",4,"treatment","universityofchicago"
"977",4,"tumors","universityofchicago"
"978",3,"(or","universityofchicago"
"979",3,"=","universityofchicago"
"980",3,"15","universityofchicago"
"981",3,"2018","universityofchicago"
"982",3,"4","universityofchicago"
"983",3,"5","universityofchicago"
"984",3,"95%","universityofchicago"
"985",3,"advanced","universityofchicago"
"986",3,"american","universityofchicago"
"987",3,"association","universityofchicago"
"988",3,"based","universityofchicago"
"989",3,"care","universityofchicago"
"990",3,"cell","universityofchicago"
"991",3,"characteristics","universityofchicago"
"992",3,"ci","universityofchicago"
"993",3,"compared","universityofchicago"
"994",3,"conditions","universityofchicago"
"995",3,"control","universityofchicago"
"996",3,"derivatives","universityofchicago"
"997",3,"did","universityofchicago"
"998",3,"differences","universityofchicago"
"999",3,"different","universityofchicago"
"1000",3,"disease","universityofchicago"
